team,points,goal_diff,top_6_prob_2025
Liverpool,84,45,0.935
Nottingham Forest,65,12,0.8445369030390738
Chelsea,69,21,0.8245369030390738
Newcastle,66,21,0.784304347826087
Aston Villa,66,7,0.75
Brighton,61,7,0.7067346938775511
